1	BD0000000619	2026학년도_조기취업형 계약학과 교과과정표(AI뮤직콘텐츠기획...
1	BD0000000618	2026학년도_조기취업형 계약학과 교과과정표(스파･메디컬스킨케...
1	BD0000000617	2026학년도_조기취업형 계약학과 교과과정표(헤어･메이크업과)
1	BD0000000616	2026학년도_조기취업형 계약학과 교과과정표(AI콘텐츠융합과)
1	BD0000000615	2026학년도_조기취업형 계약학과 교과과정표(AI융합서비스학과...
1	BD0000000614	2026학년도_조기취업형 계약학과 교과과정표(AI·빅데이터학과...
1	BD0000000613	2026학년도_전공심화 교과과정표_보건의료정보학과(요양보건관리...
1	BD0000000612	2026학년도_전공심화 교과과정표_엔터비즈니스학과
1	BD0000000611	2026학년도_전공심화 교과과정표_연극영상학과
1	BD0000000610	2026학년도_전공심화 교과과정표_사회체육학과
2	BD0000000609	2026학년도_전공심화 교과과정표_보건의료정보학과
2	BD0000000608	2026학년도_전공심화 교과과정표_뷰티매니지먼트학과
2	BD0000000607	2026학년도_전공심화 교과과정표_커뮤니케이션디자인학과
2	BD0000000606	2026학년도_전공심화 교과과정표_패션·리빙디자인학과
2	BD0000000605	2026학년도_전공심화 교과과정표_산업디자인학과
2	BD0000000604	2026학년도_전공심화 교과과정표_청소년교육상담학과
2	BD0000000603	2026학년도_전공심화 교과과정표_유아교육학과
2	BD0000000602	2026학년도_전공심화 교과과정표_문예창작학과
2	BD0000000601	2026학년도_전공심화 교과과정표_사회복지학과
2	BD0000000600	2026학년도_전공심화 교과과정표_부동산경영학과
3	BD0000000599	2026학년도_전공심화 교과과정표_경영학과
3	BD0000000598	2026학년도_전공심화 교과과정표_드론정보공학과
3	BD0000000597	2026학년도_전공심화 교과과정표_지적공간정보학과
3	BD0000000596	2026학년도_전공심화 교과과정표_토목공학과
3	BD0000000595	2026학년도_전공심화 교과과정표_전기공학과
3	BD0000000594	2026학년도_전공심화 교과과정표_산업경영공학과
3	BD0000000593	2026학년도_전공심화 교과과정표_정보통신공학과
3	BD0000000592	2026학년도_전공심화 교과과정표_전자공학과
3	BD0000000591	2026학년도_전공심화 교과과정표_컴퓨터보안공학과
3	BD0000000590	2026학년도_전공심화 교과과정표_컴퓨터공학과
4	BD0000000589	2026학년도 교과과정표_자유전공학과
4	BD0000000588	2026학년도 교과과정표_연극영상학과
4	BD0000000587	2026학년도 교과과정표_실용음악과
4	BD0000000586	2026학년도 교과과정표_보건의료정보과
4	BD0000000585	2026학년도 교과과정표_뷰티매니지먼트과 방송스타일디렉터전공
4	BD0000000584	2026학년도 교과과정표_뷰티매니지먼트과 헤어디자인전공
4	BD0000000583	2026학년도 교과과정표_뷰티매니지먼트과 스킨케어·메디컬코스메...
4	BD0000000582	2026학년도 교과과정표_뷰티매니지먼트과 메이크업·네일 전공
4	BD0000000581	2026학년도 교과과정표_사회체육과
4	BD0000000580	2026학년도 교과과정표_AI미디어디자인학과
5	BD0000000579	2026학년도 교과과정표_커뮤니케이션디자인과
5	BD0000000578	2026학년도 교과과정표_패션·리빙디자인과
5	BD0000000577	2026학년도 교과과정표_산업디자인학과
5	BD0000000576	2026학년도 교과과정표_청소년교육상담과
5	BD0000000575	2026학년도 교과과정표_유아교육학과
5	BD0000000574	2026학년도 교과과정표_문예창작과
5	BD0000000573	2026학년도 교과과정표_일본어과
5	BD0000000572	2026학년도 교과과정표_중국어비즈니스과
5	BD0000000571	2026학년도 교과과정표_항공서비스과
5	BD0000000570	2026학년도 교과과정표_공공행정서비스과
6	BD0000000569	2026학년도 교과과정표_사회복지과
6	BD0000000568	2026학년도 교과과정표_부동산경영과
6	BD0000000567	2026학년도 교과과정표_세무회계과
6	BD0000000566	2026학년도 교과과정표_경영학과
6	BD0000000565	2026학년도 교과과정표_드론정보공학과
6	BD0000000564	2026학년도 교과과정표_지적공간정보학과
6	BD0000000563	2026학년도 교과과정표_토목공학과
6	BD0000000562	2026학년도 교과과정표_전기공학과
6	BD0000000561	2026학년도 교과과정표_산업경영공학과
6	BD0000000560	2026학년도 교과과정표_기계공학과
7	BD0000000559	2026학년도 교과과정표_정보통신공학과
7	BD0000000558	2026학년도 교과과정표_전자공학과
7	BD0000000557	2026학년도 교과과정표_컴퓨터보안공학과
7	BD0000000556	2026학년도 교과과정표_컴퓨터공학과
7	BD0000000555	2026학년도 교과과정표_AI게임소프트웨어학과
7	BD0000000554	2025학년도 조기취업형 계약학과 교과과정표(뮤직콘텐츠기획과)
7	BD0000000553	2025학년도 조기취업형 계약학과 교과과정표(헤어·메이크업과)
7	BD0000000552	2025학년도 조기취업형 계약학과 교과과정표(스파&메디컬스킨케...
7	BD0000000551	2025학년도 조기취업형 계약학과 교과과정표(디지털콘텐츠융합과...
7	BD0000000550	2025학년도 조기취업형 계약학과 교과과정표(AI·빅데이터학과...
8	BD0000000549	2025학년도 조기취업형 계약학과 교과과정표(스마트건설공학과)
8	BD0000000548	2025학년도 전공심화 교과과정표(엔터비즈니스학과)
8	BD0000000547	2025학년도 전공심화 교과과정표(연극영상학과)
8	BD0000000546	2025학년도 전공심화 교과과정표(사회체육학과)
8	BD0000000545	2025학년도 전공심화 교과과정표(뷰티매니지먼트학과)
8	BD0000000544	2025학년도 전공심화 교과과정표(커뮤니케이션디자인학과)
8	BD0000000543	2025학년도 전공심화 교과과정표(패션·리빙디자인학과)
8	BD0000000542	2025학년도 전공심화 교과과정표(산업디자인학과)
8	BD0000000541	2025학년도 전공심화 교과과정표(청소년교육상담학과)
8	BD0000000540	2025학년도 전공심화 교과과정표(유아교육학과)
9	BD0000000539	2025학년도 전공심화 교과과정표(문예창작학과)
9	BD0000000538	2025학년도 전공심화 교과과정표(사회복지학과)
9	BD0000000537	2025학년도 전공심화 교과과정표(부동산경영학과)
9	BD0000000536	2025학년도 전공심화 교과과정표(경영학과)
9	BD0000000535	2025학년도 전공심화 교과과정표(드론정보공학과)
9	BD0000000534	2025학년도 전공심화 교과과정표(지적공간정보학과)
9	BD0000000533	2025학년도 전공심화 교과과정표(토목공학과)
9	BD0000000532	2025학년도 전공심화 교과과정표(전기공학과)
9	BD0000000531	2025학년도 전공심화 교과과정표(산업경영공학과)
9	BD0000000530	2025학년도 전공심화 교과과정표(정보통신공학과)
10	BD0000000529	2025학년도 전공심화 교과과정표(전자공학과)
10	BD0000000528	2025학년도 전공심화 교과과정표(컴퓨터보안공학과)
10	BD0000000527	2025학년도 전공심화 교과과정표(컴퓨터공학과)
10	BD0000000526	2025학년도 전공심화 교과과정표(소프트웨어콘텐츠학과)
10	BD0000000525	2025학년도 자유전공학부 자유전공학과 교과과정
10	BD0000000524	2025학년도 교과과정표_뷰티_보건의료정보과
10	BD0000000523	2025학년도 교과과정표_뷰티_방송스타일디렉터전공
10	BD0000000522	2025학년도 교과과정표_뷰티_헤어디자인전공
10	BD0000000521	2025학년도 교과과정표_뷰티_스킨케어.메디컬코스메틱전공
10	BD0000000520	2025학년도 교과과정표_뷰티_메이크업&네일전공
11	BD0000000519	2025학년도 교과과정표_사회체육과
11	BD0000000518	2025학년도 교과과정표_연극영상학과
11	BD0000000517	2025학년도 교과과정표_실용음악과
11	BD0000000516	2025학년도 교과과정표_커뮤니케이션디자인과
11	BD0000000515	2025학년도 교과과정표_패션·리빙디자인과
11	BD0000000514	2025학년도 교과과정표_산업디자인학과
11	BD0000000513	2025학년도 경영·휴먼라이프학부 자유전공학과 교과과정
11	BD0000000512	2025학년도 교과과정표_청소년교육상담과
11	BD0000000511	2025학년도 교과과정표_유아교육학과
11	BD0000000510	2025학년도 교과과정표_문예창작과